model,accuracy,weighted_f1,macro_roc_auc_ovr
Decision Tree,0.8980169971671388,0.8930624714175834,0.9409615420993042
Random Forest,0.8810198300283286,0.8819991244101718,0.9713966869385217
Logistic Regression,0.8569405099150141,0.8674707015864733,0.9643093036665201
