model,accuracy,weighted_f1
Random Forest,0.8852691218130312,0.8862566824533997
Logistic Regression,0.8569405099150141,0.8675835839087354
